,Time,User,Message,Sentiment
0,0.0,603f1d2c78094fae0b10e670e17d129c6aba0472,se cayó ,0.859085738658905
1,2146.0,6304164183c43267709291bc37957e9b52d5a0b8,que golazo ,0.3379664123058319
2,5096.0,5eff0002360625b32302d299cc46a063121b97ad,vas a poner el de pumas o el del tri ,0.04919252172112465
