,Time,User,Message,Sentiment
0,0.0,02774cf213138bff2c44e8d9f61e56b890edda83,well maybe not this game in particular but just in general :d ,0.12385627627372742
1,59.0,02774cf213138bff2c44e8d9f61e56b890edda83,nice hold though ,0.0002222147595603019
2,129.0,2d9744568790afdee27075f1d6c201204a8ef145,if scarlett can lose 26 drones and still nearly win i think you'l be fine kappa ,0.060974590480327606
3,171.0,5e70128ad0f8505a701e3021cf9217231ee8c129,damn that tech transition from toss sad they can do that :( ,0.8836767077445984
