,Time,User,Message,Sentiment
0,0.0,9dd51b8e6682a0e52f3739edfa9f2b041fa11623,ok refresh fixed it weird ,0.03095875307917595
1,63.0,e93be4777cb209bfa406da398b4742f18072dd0c,yeah kul ,0.016880620270967484
2,70.0,0ceedbdafc1baec8d4e9b86b182b832675d281e0,woah theres gamers in this game ,0.06338676065206528
3,123.0,39970311478311c2cdc1d1f7133eb2dc159eb313,pepes ,0.09175527840852737
4,151.0,0ceedbdafc1baec8d4e9b86b182b832675d281e0,is it normal for everyone to be talking into their mics o o is that the party lol ,0.018652616068720818
5,173.0,9dd51b8e6682a0e52f3739edfa9f2b041fa11623,guessing this isn't my end again ,0.5318201184272766
6,208.0,634e6f8ad800483b1cdd00b2b5012d5935081cfb,9dd51b8e6682a0e52f3739edfa9f2b041fa11623 nope still bugging out ,0.1187230572104454
7,218.0,9dd51b8e6682a0e52f3739edfa9f2b041fa11623,ok ,0.004097703844308853
